<?xml version="1.0"?>
<lifecycleMappingMetadata>
    <pluginExecutions>
        <pluginExecution>
            <pluginExecutionFilter>
                <goals>
                    <goal>wadl2java</goal>
                </goals>
            </pluginExecutionFilter>
            <action>
                <execute>
                    <runOnIncremental>true</runOnIncremental>
                    <runOnConfiguration>true</runOnConfiguration>
                </execute>
            </action>
        </pluginExecution>
    </pluginExecutions>
</lifecycleMappingMetadata>
